raw_name,canonical_name
CircuitHub,CircuitHub
iCracked,iCracked
42Floors,42Floors
PlanGrid,PlanGrid
WireOver,WireOver
The Muse,The Muse
SendHub,SendHub
Hipmob,Hipmob
MyVR,MyVR
HireArt,HireArt
Amiato,Amiato
Medigram,Medigram
Couple,Couple
HackPad,HackPad
Rescale,Rescale
SlidePay,SlidePay
Tap to Learn,Tap to Learn
Optilly/Installmonetizer,Optilly/Installmonetizer
BookSolid,BookSolid
Gusto,Gusto
FamilyLeaf,FamilyLeaf
Marft,Marft
Minefold,Minefold
Zipio,Zipio
Chute,Chute
Matterport,Matterport
Shoptiques,Shoptiques
CleverDeck,CleverDeck
Make School,Make School
Pixelapse,Pixelapse
Screenleap,Screenleap
Talkray (TiKL),Talkray (TiKL)
Zillabyte,Zillabyte
Exec,Exec
Grouper,Grouper
Amplitude,Amplitude
LendUp,LendUp
Tilt,Tilt
Brace,Brace
Swiftype,Swiftype
LVL6,LVL6
BarSense,BarSense
FarmLogs,FarmLogs
99dresses,99dresses
Authy,Authy
Flutter,Flutter
Fond,Fond
Per Vices,Per Vices
Loom,Loom
Documents.Me,Documents.Me
Ark,Ark
SolidStage,SolidStage
YourMechanic,YourMechanic
Priceonomics,Priceonomics
Sendwave,Sendwave
Glider,Glider
Medmonk,Medmonk
Carsabi,Carsabi
Y Combinator,Y Combinator
Socialcam,Socialcam
GiveSpark,GiveSpark
Shopular,Shopular
Picplum,Picplum
Freshplum,Freshplum
Clutch,Clutch
Apollo,Apollo
HackerRank,HackerRank
Stypi,Stypi
Genius,Genius
OneSignal,OneSignal
Zigfu,Zigfu
PayDragon,PayDragon
Aisle50,Aisle50
Debteye,Debteye
Proxino,Proxino
Streak,Streak
Science Exchange,Science Exchange
PhoneSys,PhoneSys
Quartzy,Quartzy
Codecademy,Codecademy
Cryptoseal,Cryptoseal
Segment,Segment
Citus Data,Citus Data
AgileMD,AgileMD
Clerky,Clerky
Quad,Quad
Dubjoy,Dubjoy
Zenbox,Zenbox
Realm,Realm
Firebase,Firebase
GoCardless,GoCardless
Pagelever,Pagelever
MarketBrief,MarketBrief
Fobo,Fobo
Sift,Sift
Verbling,Verbling
Embark,Embark
LeadGenius,LeadGenius
Caviar,Caviar
Interstate,Interstate
Everyme,Everyme
Opez,Opez
MixRank,MixRank
Kicksend,Kicksend
Videopixie,Videopixie
Vapor,Vapor
Launchpad Toys,Launchpad Toys
Imgix,Imgix
Compose,Compose
GlassMap,GlassMap
Vidyard,Vidyard
Leaky,Leaky
Ridejoy,Ridejoy
TapEngage,TapEngage
Snapjoy,Snapjoy
Perfect Audience,Perfect Audience
Rentobo,Rentobo
Draft,Draft
Parse,Parse
Zeus,Zeus
Userfox,Userfox
Automatic,Automatic
Hungry Labs,Hungry Labs
Inporia,Inporia
Upverter,Upverter
SingleStore,SingleStore
Beetailer,Beetailer
TellFi,TellFi
Assembled,Assembled
Talkable,Talkable
FitFu,FitFu
AppHarbor,AppHarbor
Tumult,Tumult
Earbits,Earbits
Acunote,Acunote
Sendoid,Sendoid
HelloSign,HelloSign
Instapainting,Instapainting
You Got Listings,You Got Listings
Hotspots,Hotspots
Tremendous,Tremendous
Custora,Custora
Comprehend,Comprehend
Humble Bundle,Humble Bundle
Pebble,Pebble
Hyperink,Hyperink
Insight Data Science,Insight Data Science
Convore,Convore
Flotype,Flotype
Fivestars,Fivestars
Apportable,Apportable
Close,Close
Balanced,Balanced
Mailgun,Mailgun
Tutorspree,Tutorspree
Mino Games,Mino Games
Lanyrd,Lanyrd
TrustEgg,TrustEgg
Siasto,Siasto
GOAT Group,GOAT Group
OrderAhead,OrderAhead
DrChrono,DrChrono
Zerocater,Zerocater
Storyworth,Storyworth
TalkBin,TalkBin
Venuetastic,Venuetastic
SimplyListed,SimplyListed
Chartio,Chartio
Presto,Presto
Hipmunk,Hipmunk
Teevox,Teevox
Rapportive,Rapportive
Recurse Center,Recurse Center
Simperium,Simperium
AeroFS,AeroFS
Chirply,Chirply
Habit Labs,Habit Labs
PadMapper,PadMapper
DemandSphere,DemandSphere
AnyList,AnyList
Brushes,Brushes
Gantto,Gantto
Homejoy,Homejoy
1000Memories,1000Memories
GazeHawk,GazeHawk
Leftronic,Leftronic
Upbeat,Upbeat
Opzi,Opzi
FutureAdvisor,FutureAdvisor
Docker,Docker
Post.fm,Post.fm
inDinero,inDinero
WorkFlowy,WorkFlowy
PagerDuty,PagerDuty
Ready For Zero,Ready For Zero
MessageParty,MessageParty
Fanvibe,Fanvibe
Fridge,Fridge
Tapzilla,Tapzilla
Whereoscope,Whereoscope
AdGrok,AdGrok
Pribbit,Pribbit
Koduco,Koduco
Mertado,Mertado
500Friends,500Friends
All Screen,All Screen
Crocodoc,Crocodoc
Bitplay,Bitplay
Fabricly,Fabricly
Embedly,Embedly
Creative Market,Creative Market
Nowmov,Nowmov
Optimizely,Optimizely
LaunchHear,LaunchHear
Zencoder,Zencoder
Cue,Cue
Answerly,Answerly
OwnLocal,OwnLocal
Zenedy,Zenedy
Gamador,Gamador
Fithub,Fithub
Cardpool,Cardpool
Movity,Movity
Etacts,Etacts
Data Marketplace,Data Marketplace
Newslabs,Newslabs
Newcope,Newcope
Infoharmoni,Infoharmoni
Notifo,Notifo
Listia,Listia
Stripe,Stripe
HighlightCam,HighlightCam
DailyBooth,DailyBooth
Bump,Bump
WePay,WePay
Directed Edge,Directed Edge
RethinkDB,RethinkDB
Jobspice,Jobspice
Mixpanel,Mixpanel
Olark,Olark
Lockitron,Lockitron
CarWoo,CarWoo
Tuxebo,Tuxebo
Fanchatter,Fanchatter
Plurchase,Plurchase
GraffitiGeo,GraffitiGeo
Flightcaster,Flightcaster
NudgePad,NudgePad
RentHop,RentHop
Lingt,Lingt
RoboHR,RoboHR
AdThrow,AdThrow
Stackq,Stackq
Wakemate,Wakemate
Instantq,Instantq
Recurious,Recurious
Skysheet,Skysheet
Heyzap,Heyzap
Wattvision,Wattvision
Foodoro,Foodoro
Volantio,Volantio
Airbnb,Airbnb
Divvyshot,Divvyshot
reMail,reMail
Echodio,Echodio
Cloudkick,Cloudkick
Spaces Life,Spaces Life
Picurio,Picurio
Nambii,Nambii
Voxli,Voxli
PetaSales,PetaSales
Posterous,Posterous
Poll Everywhere,Poll Everywhere
OhLife,OhLife
Cloudant,Cloudant
Job Alchemist,Job Alchemist
Frogmetrics,Frogmetrics
Anyvite,Anyvite
CO2Stats,CO2Stats
JustSpotted,JustSpotted
Picwing,Picwing
BackType,BackType
Precognate,Precognate
Youlicit,Youlicit
Team Apart,Team Apart
Claimspotting,Claimspotting
Ticket Stumbler,Ticket Stumbler
Snipd,Snipd
Popcuts,Popcuts
People & Pages,People & Pages
PlayReader,PlayReader
Treehouse,Treehouse
Slinkset,Slinkset
Trigger,Trigger
RescueTime,RescueTime
A Thinking Ape,A Thinking Ape
Ninite,Ninite
Machine Zone,Machine Zone
MightyQuiz,MightyQuiz
FathomDB,FathomDB
Omnisio,Omnisio
Heroku,Heroku
280 North,280 North
Wundrbar,Wundrbar
Socialbrowse,Socialbrowse
Mixwit,Mixwit
Tipjoy,Tipjoy
Kirkland North,Kirkland North
Deluux,Deluux
YumDots,YumDots
Snaptalent,Snaptalent
Insoshi,Insoshi
Joberator,Joberator
BitSample,BitSample
Songkick,Songkick
Dropbox,Dropbox
Blue Frog Gaming,Blue Frog Gaming
Disqus,Disqus
Bountii,Bountii
Hello Chair,Hello Chair
iJigg/Top440,iJigg/Top440
Splashup,Splashup
ContestMachine,ContestMachine
ZumoDrive,ZumoDrive
SocialPicks,SocialPicks
Clickpass,Clickpass
Appjet,Appjet
Anywhere.FM,Anywhere.FM
Reble,Reble
Meetyu,Meetyu
Fuzzwich,Fuzzwich
Eivod,Eivod
Biographicon,Biographicon
Virtualmin,Virtualmin
Weebly,Weebly
Tsumobi,Tsumobi
Octopart,Octopart
Buxfer,Buxfer
Zenter,Zenter
Auctomatic,Auctomatic
WriteWith,WriteWith
Whitenoise,Whitenoise
View3,View3
Socialmoth,Socialmoth
Heysan,Heysan
Xobni,Xobni
Scribd,Scribd
OMGPop,OMGPop
Jamglue,Jamglue
Thinkature,Thinkature
Talkito,Talkito
Shoutfit,Shoutfit
Pollground,Pollground
Zanbazaar,Zanbazaar
Likebetter,Likebetter
Jumpchat,Jumpchat
Inkling,Inkling
Clustrix,Clustrix
Snipshot,Snipshot
Project Wedding,Project Wedding
Wufoo,Wufoo
Flagr,Flagr
Audiobeta,Audiobeta
Loopt,Loopt
TextPayMe,TextPayMe
Clickfacts,Clickfacts
Simmery,Simmery
Memamp,Memamp
Kiko,Kiko
Reddit,Reddit
Infogami,Infogami
Mixed Media Labs,Mixed Media Labs
Twitch,Twitch
Parakey,Parakey
TomoGuides,TomoGuides
Pixate,Pixate
Knowmia,Knowmia
Boosted,Boosted
ZeroMailer,ZeroMailer
Canopy Labs,Canopy Labs
LeanMarket,LeanMarket
Kamcord,Kamcord
Statwing,Statwing
Rainforest,Rainforest
Imgfave,Imgfave
Fullstack Academy,Fullstack Academy
OmniVirt,OmniVirt
Arc,Arc
Streem,Streem
Mth Sense,Mth Sense
Human Dx,Human Dx
Testmunk,Testmunk
HealthSherpa,HealthSherpa
Framebase,Framebase
Mattermost,Mattermost
Airshared,Airshared
Zentail,Zentail
Soylent,Soylent
DataNitro,DataNitro
Clever,Clever
Vayable,Vayable
SmartAsset,SmartAsset
FundersClub,FundersClub
Grid,Grid
Eligible,Eligible
Crohnology (by Healthy Labs),Crohnology (by Healthy Labs)
BrainTripping,BrainTripping
Markupwand,Markupwand
Hiptype,Hiptype
Kippt,Kippt
Easel,Easel
Hipset,Hipset
FileStack,FileStack
Collections,Collections
Dreamforge,Dreamforge
Upwave,Upwave
Lever,Lever
ReelSurfer,ReelSurfer
Keychain Logistics,Keychain Logistics
OctaveWealth,OctaveWealth
BufferBox,BufferBox
Natero,Natero
Profig,Profig
Partnered,Partnered
NewsBlur,NewsBlur
Coinbase,Coinbase
Submittable,Submittable
Mattermark,Mattermark
Zapier,Zapier
VoiceGem,VoiceGem
BackerKit,BackerKit
Benchling,Benchling
Flightfox,Flightfox
Coco Controller,Coco Controller
Tastemaker,Tastemaker
GoScale,GoScale
RegistryLove,RegistryLove
Credictive,Credictive
MicroEval,MicroEval
Everyday.me,Everyday.me
Celery,Celery
Virool,Virool
Parallel Universe,Parallel Universe
Viacycle,Viacycle
Assorted Bits,Assorted Bits
Scoutzie,Scoutzie
Vastrm,Vastrm
Double Robotics,Double Robotics
Study Edge,Study Edge
GetGoing,GetGoing
Plivo,Plivo
Thread,Thread
Light Table/Eve,Light Table/Eve
Svbtle,Svbtle
Instacart,Instacart
9gag,9gag
StyleUp,StyleUp
CircuitLab,CircuitLab
Screenhero,Screenhero
Scuba,Scuba
Appcubator,Appcubator
North,North
Swish,Swish
PayTango,PayTango
VaycayHero,VaycayHero
BuildZoom,BuildZoom
Trainzen,Trainzen
Padlet,Padlet
Fivetran,Fivetran
GrepData,GrepData
Lawdingo,Lawdingo
Bitnami,Bitnami
Cheetah,Cheetah
Medisas,Medisas
Etleap,Etleap
RoverRide,RoverRide
InfluxData,InfluxData
Strikingly,Strikingly
Lollipuff,Lollipuff
RADAR,RADAR
Meldium,Meldium
BeatDeck,BeatDeck
Swapbox,Swapbox
Experiment,Experiment
Heap,Heap
MedXT,MedXT
SimplyInsured,SimplyInsured
FlightCar,FlightCar
CrowdMed,CrowdMed
Wefunder,Wefunder
Coin,Coin
Wevorce,Wevorce
Kalibrr,Kalibrr
Zenefits,Zenefits
Goldbelly,Goldbelly
Logiblock,Logiblock
Semantics3,Semantics3
Teespring,Teespring
Airware,Airware
Posmetrics,Posmetrics
Prophecy Sciences,Prophecy Sciences
Watsi,Watsi
7cups,7cups
URX,URX
Teleborder,Teleborder
FanHero,FanHero
Apptimize,Apptimize
Asseta,Asseta
Standard Treasury,Standard Treasury
BloomThat,BloomThat
StackMachine,StackMachine
Hackermeter,Hackermeter
Buttercoin,Buttercoin
CoreOS,CoreOS
Crowdery,Crowdery
GoComm,GoComm
DoorDash,DoorDash
EasyPost,EasyPost
SimpleLegal,SimpleLegal
"Estimote, Inc.","Estimote, Inc."
Floobits,Floobits
Glio,Glio
Graft Concepts,Graft Concepts
Hum,Hum
Cratejoy,Cratejoy
SpoonRocket,SpoonRocket
Casetext,Casetext
Layer By Layer,Layer By Layer
Le Tote,Le Tote
LocalOn,LocalOn
Senic,Senic
Meta,Meta
One Month,One Month
Panorama Education,Panorama Education
Watchsend,Watchsend
Lob,Lob
Amulyte,Amulyte
RealCrowd,RealCrowd
Reebee,Reebee
Arcus,Arcus
Audobox,Audobox
Bop.fm,Bop.fm
Butter Systems,Butter Systems
StatusPage,StatusPage
Lumoid,Lumoid
SoundFocus,SoundFocus
True Link,True Link
Datarank,Datarank
Kivo,Kivo
Webflow,Webflow
Weilos,Weilos
WebCake,WebCake
Ixiplay,Ixiplay
Echo Locker,Echo Locker
42,42
Abacus,Abacus
Boostable,Boostable
AirHelp,AirHelp
Two Tap,Two Tap
Ambition,Ambition
CareMessage,CareMessage
AptDeco,AptDeco
Awesometalk,Awesometalk
Bellabeat,Bellabeat
Chargehound,Chargehound
Cambly,Cambly
Futureleague,Futureleague
Noora Health,Noora Health
CodeCombat,CodeCombat
CodeNow,CodeNow
Threadable,Threadable
Cruise,Cruise
Dating Ring,Dating Ring
Yumbin,Yumbin
Drive Pulse,Drive Pulse
Eventjoy,Eventjoy
Flexport,Flexport
Axoni,Axoni
Kimono Labs,Kimono Labs
Kuna Systems,Kuna Systems
DevCycle,DevCycle
MadeSolid,MadeSolid
Emailio,Emailio
MBX,MBX
Motionlead,Motionlead
Move Loot,Move Loot
Next Caller,Next Caller
HoverChat,HoverChat
One Degree,One Degree
StackLead,StackLead
Theorem,Theorem
Liftigniter,Liftigniter
PiinPoint,PiinPoint
PipelineDB,PipelineDB
Povio,Povio
Pushbullet,Pushbullet
Rickshaw,Rickshaw
Rocketrip,Rocketrip
Shoobs,Shoobs
SketchDeck,SketchDeck
MerryMint,MerryMint
Snapdocs,Snapdocs
Shopagram,Shopagram
Edyn,Edyn
Style Lend,Style Lend
Guesty,Guesty
Terravion,Terravion
TrueVault,TrueVault
Unicornly,Unicornly
Weave,Weave
Wit.ai,Wit.ai
Zesty,Zesty
Zidisha,Zidisha
Zinc,Zinc
ZowPow,ZowPow
Algolia,Algolia
Gobble,Gobble
AirPair,AirPair
GBatteries,GBatteries
Unbabel,Unbabel
MixerBox,MixerBox
OpenCurriculum,OpenCurriculum
Dyspatch,Dyspatch
Whirlscape,Whirlscape
Avametric,Avametric
Framed Data,Framed Data
Immunity Project,Immunity Project
Vidpresso,Vidpresso
Aptible,Aptible
Zip Phone,Zip Phone
Backpack,Backpack
Bannerman,Bannerman
Parenthoods,Parenthoods
SpringWit,SpringWit
Bikanta,Bikanta
Billforward,Billforward
Bitaccess,Bitaccess
Carlypso,Carlypso
Checkr,Checkr
Clara Labs,Clara Labs
Clear,Clear
Craft Coffee,Craft Coffee
PersistIQ,PersistIQ
Doblet,Doblet
Owners Circle,Owners Circle
Fixed,Fixed
Flaviar,Flaviar
Flytenow,Flytenow
Hyperpad,Hyperpad
TAXA Biotechnologies,TAXA Biotechnologies
GovPredict,GovPredict
Blockspring,Blockspring
Greentoe,Greentoe
Hublo,Hublo
VizeraLabs,VizeraLabs
Impraise,Impraise
Protocol Labs,Protocol Labs
Kash,Kash
Lawn Love,Lawn Love
ListRunner,ListRunner
Replenish,Replenish
MetricWire,MetricWire
MTailor,MTailor
Naytev,Naytev
Neptune.io,Neptune.io
Alchemy,Alchemy
Nightingale,Nightingale
Permutive,Permutive
PicnicAI,PicnicAI
In Your Corner,In Your Corner
Product Hunt,Product Hunt
Cheddar,Cheddar
Rigetti Computing,Rigetti Computing
Roost,Roost
SFOX,SFOX
UserGems,UserGems
Apto Payments,Apto Payments
ShipBob,ShipBob
Shout,Shout
SalesSift,SalesSift
SpotAngels,SpotAngels
HauteDay,HauteDay
Tenjin,Tenjin
Paid,Paid
Think Gaming,Think Gaming
Hive,Hive
Payable,Payable
Tinker,Tinker
Tule,Tule
Roomstorm,Roomstorm
Whirl,Whirl
Women.com,Women.com
Zoomer,Zoomer
Beep,Beep
Front,Front
Cognito,Cognito
Ginkgo Bioworks,Ginkgo Bioworks
Helion Energy,Helion Energy
Oklo,Oklo
Bayes Impact,Bayes Impact
Zenamins,Zenamins
One Codex,One Codex
Ravti,Ravti
Sliced Investing,Sliced Investing
Unwind Me,Unwind Me
Notable Labs,Notable Labs
Qventus,Qventus
3dot,3dot
Final,Final
Pomello,Pomello
Tech in Asia,Tech in Asia
20n,20n
Akido Labs,Akido Labs
Mezmo,Mezmo
Smyte,Smyte
Magic,Magic
Bizzy,Bizzy
Bluesmart,Bluesmart
Booktrope,Booktrope
Bright,Bright
Numerion Labs,Numerion Labs
Cribspot,Cribspot
CyberFend,CyberFend
Democracy Earth,Democracy Earth
The Human Utility,The Human Utility
Zeitview,Zeitview
Bankjoy,Bankjoy
GiveMeTap,GiveMeTap
SparkGift,SparkGift
GroupAhead,GroupAhead
GrubMarket,GrubMarket
WorkLife,WorkLife
HigherMe,HigherMe
Instavest,Instavest
Kickpay,Kickpay
Labdoor,Labdoor
Platzi,Platzi
Omniref,Omniref
Open Listings,Open Listings
Pachyderm,Pachyderm
Pakible,Pakible
Paperspace,Paperspace
BuildScience,BuildScience
ReadMe,ReadMe
ReSchedule Med,ReSchedule Med
Shift Messenger,Shift Messenger
Shift Labs,Shift Labs
Sails Co.,Sails Co.
SIRUM,SIRUM
Smarking,Smarking
Tempo,Tempo
TeamNote,TeamNote
Makrwatch,Makrwatch
Mobydish,Mobydish
Remix,Remix
Rare Door,Rare Door
Underground Cellar,Underground Cellar
Vest,Vest
Resolve,Resolve
YesGraph,YesGraph
Yhat,Yhat
Bonfire,Bonfire
WayUp,WayUp
Cleanly,Cleanly
Dealyze,Dealyze
Lucira Health,Lucira Health
Quantierra,Quantierra
eBrandvalue,eBrandvalue
EquipmentShare,EquipmentShare
GitLab,GitLab
Giveffect,Giveffect
Glassjar,Glassjar
Industrial Microbes,Industrial Microbes
NexTravel,NexTravel
Level Frames,Level Frames
Meadow,Meadow
Moltin,Moltin
Nextop,Nextop
Outbound,Outbound
Dabble,Dabble
Pigeonly,Pigeonly
Popular Pays,Popular Pays
Pretty Instant,Pretty Instant
Priime,Priime
Razorpay,Razorpay
Rescue Forensics,Rescue Forensics
Seed,Seed
SigOpt,SigOpt
Spoil,Spoil
Standard Cyborg,Standard Cyborg
Tab,Tab
Zenflow,Zenflow
Transcriptic,Transcriptic
Valor Water Analytics,Valor Water Analytics
Vanhawks,Vanhawks
VetPronto,VetPronto
Wink Health,Wink Health
X-Zell,X-Zell
Raven Tech,Raven Tech
Bagaveev Corporation,Bagaveev Corporation
Lully,Lully
Chariot,Chariot
Flip,Flip
Tara AI,Tara AI
Replika,Replika
Automate Ads,Automate Ads
NimbleRx,NimbleRx
Nomiku,Nomiku
Spire Health,Spire Health
ThinAir,ThinAir
Lumi,Lumi
Mashgin,Mashgin
Shasqi,Shasqi
Triplebyte,Triplebyte
Lugg,Lugg
Teleport,Teleport
Serica,Serica
teaBOT,teaBOT
Leaders In Tech,Leaders In Tech
Ironclad,Ironclad
Jopwell,Jopwell
L.,L.
New Story,New Story
OpenInvest,OpenInvest
Gemnote,Gemnote
Assembly,Assembly
PartnerStack,PartnerStack
Roomblocker,Roomblocker
ROSS Intelligence,ROSS Intelligence
Scope AR,Scope AR
Second Measure,Second Measure
SnapMagic,SnapMagic
SourceDNA,SourceDNA
Vernox,Vernox
Hickory,Hickory
Heroic Labs,Heroic Labs
Airmada,Airmada
Call9,Call9
CareLedger,CareLedger
Branch8,Branch8
Confident LIMS,Confident LIMS
Convox,Convox
Cymmetria,Cymmetria
Shotput,Shotput
Eden,Eden
Foxpass,Foxpass
SunFarmer,SunFarmer
Stitch Health,Stitch Health
Reach,Reach
Tesorio,Tesorio
Thrive Agritech,Thrive Agritech
Verge Genomics,Verge Genomics
Afrostream,Afrostream
Apollo Health,Apollo Health
Willing,Willing
Bistrobot,Bistrobot
Bluecrew,Bluecrew
Bodyport,Bodyport
Appcanary,Appcanary
Chaldal,Chaldal
Cloudstitch,Cloudstitch
Sphere Secure Workspace,Sphere Secure Workspace
Drip Capital,Drip Capital
GiveCampus,GiveCampus
Circle Medical,Circle Medical
zPREDICTA,zPREDICTA
jEugene,jEugene
Leada,Leada
Locent,Locent
Markhor,Markhor
Zeplin,Zeplin
Microhealth,Microhealth
Ohm,Ohm
Fountain,Fountain
Oolu,Oolu
Paribus,Paribus
PickTrace,PickTrace
Prayas Analytics,Prayas Analytics
Interviewed,Interviewed
Plate IQ,Plate IQ
RedCarpetUp,RedCarpetUp
Reduced Energy Microsystems,Reduced Energy Microsystems
Scentbird,Scentbird
Seva Coffee,Seva Coffee
Shape (ShapeScale),Shape (ShapeScale)
Shred Video,Shred Video
Xendit,Xendit
Xfers,Xfers
Traversal Networks,Traversal Networks
"80,000 Hours","80,000 Hours"
Font Awesome,Font Awesome
Go1,Go1
Saida,Saida
HER,HER
Maderight,Maderight
Blitz Esports,Blitz Esports
The Ticket Fairy,The Ticket Fairy
Fetch,Fetch
Wheelys Café,Wheelys Café
TetraScience,TetraScience
Mimir,Mimir
Auro Robotics,Auro Robotics
Klarismo,Klarismo
Nebia,Nebia
StyleBee,StyleBee
PlateJoy,PlateJoy
Bitmovin,Bitmovin
Cofactor Genomics,Cofactor Genomics
Instawork,Instawork
Eight Sleep,Eight Sleep
Vive,Vive
Flirtey (SkyDrop),Flirtey (SkyDrop)
Human Interest,Human Interest
Halolife,Halolife
Tenant Turner,Tenant Turner
VOIQ,VOIQ
Gigster,Gigster
Mux,Mux
Lattice,Lattice
SOUNDBOKS,SOUNDBOKS
Compgun,Compgun
Deepgram,Deepgram
Stealth Worker,Stealth Worker
Stilt,Stilt
Magic Instruments,Magic Instruments
Embark Trucks,Embark Trucks
VINEBOX (Usual Beverage Co.),VINEBOX (Usual Beverage Co.)
Yardbook,Yardbook
Chatfuel,Chatfuel
AlphaFlow,AlphaFlow
GetAccept,GetAccept
iSono Health,iSono Health
Tovala,Tovala
MagicBus,MagicBus
Mason,Mason
Outschool,Outschool
Petcube,Petcube
Daily,Daily
Mio,Mio
Algoriz,Algoriz
Focal Systems,Focal Systems
Loop Genomics,Loop Genomics
Toymail,Toymail
UpLabs,UpLabs
WorldCover,WorldCover
Able Health,Able Health
Truebill,Truebill
Chillabit,Chillabit
Deako,Deako
DoseDr,DoseDr
Copia,Copia
Gigwell,Gigwell
InnoVein,InnoVein
Inevitable Tech,Inevitable Tech
LendEDU,LendEDU
Luminist Labs,Luminist Labs
Meter Feeder,Meter Feeder
MineralSoft,MineralSoft
PocketSuite,PocketSuite
Pulpix,Pulpix
Revl,Revl
Paystack,Paystack
Bus.com,Bus.com
Unima,Unima
Enflux,Enflux
Goodybag,Goodybag
Open Motors,Open Motors
Start Closing,Start Closing
MailTime,MailTime
Monthli,Monthli
Opentrons,Opentrons
Castle,Castle
Netomi,Netomi
Superside,Superside
ConstructVR,ConstructVR
Function of Beauty,Function of Beauty
Luciq (formerly Instabug),Luciq (formerly Instabug)
Interstate Analytics,Interstate Analytics
Patchwork Security,Patchwork Security
Pave,Pave
Podium,Podium
Salt Security,Salt Security
Apollo.io,Apollo.io
Poppy,Poppy
Anchor Health,Anchor Health
Thunkable,Thunkable
Plato,Plato
Lynks,Lynks
Emburse,Emburse
Gecko Robotics,Gecko Robotics
GoLorry,GoLorry
HistoWiz,HistoWiz
Landed,Landed
mRelief,mRelief
NetBeez,NetBeez
Redspread,Redspread
Caper,Caper
TRAC,TRAC
